Workbook
Name aporte: Planilha1!$D$14
Name CENARIOS: Planilha1!$B$20
Name CHAVE: Planilha2!$A$2
Name DESENVOLVIMENTO: Planilha1!$B$35
Name DIVIDENDOS: Planilha1!$D$20
Name FOFS: Planilha1!$B$34
Name HIBRIDO: Planilha1!$B$33
Name HOTELARIA: Planilha1!$B$36
Name PAPEL: Planilha1!$B$31
Name PERCENTUAL_SUGERIDO: Planilha1!$C$30
Name PERFIL: Planilha1!$D$27
Name qtd_anos: Planilha1!$D$15
Name qts_anos: Planilha1!$D$15
Name rendimento_carteira: Planilha1!$D$10
Name sugeestao_investimento: Planilha1!$D$11
Name taxa_mensal: Planilha1!$D$16
Name TIJOLO: Planilha1!$B$32
Name TIPO_DE_FII: Planilha1!$B$30

Sheet Planilha1
B8: CONFIGURAÇÕES
B9: Salário | D9: 5000
B10: Rendimento carteira | D10: 0.0108
B11: Sugestão de investimento | D11: 1500
B13: INVESTIMENTO MENSAL
B14: Quanto investir por mês | D14: 100
B15: Por quantos anos | D15: 5
B16: Taxa de rendimento mensal | D16: =D10 -> 0.0108
B17: Período acumulado | D17: =FV(taxa_mensal,qtd_anos*12,aporte*-1) -> 8380.4019
B18: Dividendos menasis | D18: =D17*rendimento_carteira -> 90.508341
B20: CENÁRIOS | D20: DIVIDENDOS
A21: 2 | B21: Quanto em 2 anos | C21: =FV($D$16,$A21*12,D$14*-1) -> 2723.0864 | D21: =C21*rendimento_carteira -> 29.409333
A22: 5 | B22: Quanto em 5 anos | C22: =FV($D$16,$A22*12,D$14*-1) -> 8380.4019 | D22: =C22*rendimento_carteira -> 90.508341
A23: 10 | B23: Quanto em 10 anos | C23: =FV($D$16,$A23*12,D$14*-1) -> 24345.767 | D23: =C23*rendimento_carteira -> 262.93428
A24: 20 | B24: Quanto em 20 anos | C24: =FV($D$16,$A24*12,D$14*-1) -> 112704.9 | D24: =C24*rendimento_carteira -> 1217.2129
A25: 30 | B25: Quanto em 30 anos | C25: =FV($D$16,$A25*12,D$14*-1) -> 433390.48 | D25: =C25*rendimento_carteira -> 4680.6172
B27: Perfil | D27: AGRESSIVO
B28: VALOR A SER IVESTIDO POR MÊS | D28: 500
B30: TIPO DE FII | C30: Percentual Sugerido | D30: Valores
B31: PAPEL | C31: =VLOOKUP($D$27&"-"&B31,Planilha2!A:D,4,) -> 0.5 | D31: =C31*$D$28 -> 250
B32: TIJOLO | C32: =VLOOKUP($D$27&"-"&B32,Planilha2!A:D,4,) -> 0.1 | D32: =C32*$D$28 -> 50
B33: HIBRIDOS | C33: =VLOOKUP($D$27&"-"&B33,Planilha2!A:D,4,) -> 0.05 | D33: =C33*$D$28 -> 25
B34: FOFs | C34: =VLOOKUP($D$27&"-"&B34,Planilha2!A:D,4,) -> 0.05 | D34: =C34*$D$28 -> 25
B35: DESENVOLVIMENTO | C35: =VLOOKUP($D$27&"-"&B35,Planilha2!A:D,4,) -> 0.2 | D35: =C35*$D$28 -> 100
B36: HOTELARIA | C36: =VLOOKUP($D$27&"-"&B36,Planilha2!A:D,4,) -> 0.1 | D36: =C36*$D$28 -> 50
B37: TOTAL | C37: =SUM(C31:C36) -> 1 | D37: =SUM(D31:D36) -> 500

Sheet Planilha2
A2: CHAVE | B2: PERFIL | C2: TIPO DE FII | D2: %
A3: =B3&"-"&C3 -> CONSERVADOR-PAPEL | B3: CONSERVADOR | C3: PAPEL | D3: 0.3
A4: =B4&"-"&C4 -> CONSERVADOR-TIJOLO | B4: CONSERVADOR | C4: TIJOLO | D4: 0.5
A5: =B5&"-"&C5 -> CONSERVADOR-HIBRIDOS | B5: CONSERVADOR | C5: HIBRIDOS | D5: 0.1
A6: =B6&"-"&C6 -> CONSERVADOR-FOFs | B6: CONSERVADOR | C6: FOFs | D6: 0.1
A7: =B7&"-"&C7 -> CONSERVADOR-DESENVOLVIMENTO | B7: CONSERVADOR | C7: DESENVOLVIMENTO
A8: =B8&"-"&C8 -> CONSERVADOR-HOTELARIA | B8: CONSERVADOR | C8: HOTELARIA
A9: =B9&"-"&C9 -> MODERADO-PAPEL | B9: MODERADO | C9: PAPEL | D9: 0.32
A10: =B10&"-"&C10 -> MODERADO-TIJOLO | B10: MODERADO | C10: TIJOLO | D10: 0.35
A11: =B11&"-"&C11 -> MODERADO-HIBRIDOS | B11: MODERADO | C11: HIBRIDOS | D11: 0.08
A12: =B12&"-"&C12 -> MODERADO-FOFs | B12: MODERADO | C12: FOFs | D12: 0.05
A13: =B13&"-"&C13 -> MODERADO-DESENVOLVIMENTO | B13: MODERADO | C13: DESENVOLVIMENTO | D13: 0.1
A14: =B14&"-"&C14 -> MODERADO-HOTELARIA | B14: MODERADO | C14: HOTELARIA | D14: 0.1
A15: =B15&"-"&C15 -> AGRESSIVO-PAPEL | B15: AGRESSIVO | C15: PAPEL | D15: 0.5
A16: =B16&"-"&C16 -> AGRESSIVO-TIJOLO | B16: AGRESSIVO | C16: TIJOLO | D16: 0.1
A17: =B17&"-"&C17 -> AGRESSIVO-HIBRIDOS | B17: AGRESSIVO | C17: HIBRIDOS | D17: 0.05
A18: =B18&"-"&C18 -> AGRESSIVO-FOFs | B18: AGRESSIVO | C18: FOFs | D18: 0.05
A19: =B19&"-"&C19 -> AGRESSIVO-DESENVOLVIMENTO | B19: AGRESSIVO | C19: DESENVOLVIMENTO | D19: 0.2
A20: =B20&"-"&C20 -> AGRESSIVO-HOTELARIA | B20: AGRESSIVO | C20: HOTELARIA | D20: 0.1
